<?xml version="1.0" encoding="UTF-8"?><本リスト xmlns:xalan="http://xml.apache.org/xslt">
  <本>
    <ISBN>4873111846</ISBN>
    <タイトル>入門XML</タイトル>
    <著者>エリック・レイ</著者>
    <値段>4001</値段>
  </本>
  <本>
    <ISBN>4797330627</ISBN>
    <タイトル>やさしいXML</タイトル>
    <著者>高橋麻奈</著者>
    <値段>2730</値段>
  </本>
  <本>
    <ISBN>4798106658</ISBN>
    <タイトル>独習XML</タイトル>
    <著者>日向俊二</著者>
    <値段>2999</値段>
  </本>
  <本>
    <ISBN>4798104876</ISBN>
    <タイトル>10日でおぼえるXML入門教室</タイトル>
    <著者>山田祥寛</著者>
    <値段>2625</値段>
  </本>
  <本>
    <ISBN>4774111864</ISBN>
    <タイトル>標準XML完全解説</タイトル>
    <著者>中山幹敏</著者>
    <値段>3000</値段>
  </本>
</本リスト>
