<?xml version="1.0" encoding="UTF-8"?><books xmlns:xalan="http://xml.apache.org/xslt">
  <book>
    <num>1</num>
    <title>標準XML完全解説</title>
    <price>3000</price>
    <isbn>4774111864</isbn>
  </book>
  <book>
    <num>2</num>
    <title>やさしいXML</title>
    <price>3730</price>
    <isbn>4797330627</isbn>
  </book>
  <book>
    <num>3</num>
    <title>10日でおぼえるXML入門教室</title>
    <price>2625</price>
    <isbn>4798104876</isbn>
  </book>
  <book>
    <num>4</num>
    <title>独習XML</title>
    <price>2999</price>
    <isbn>4798106658</isbn>
  </book>
  <book>
    <num>5</num>
    <title>入門XML</title>
    <price>3001</price>
    <isbn>4873111846</isbn>
  </book>
</books>
