<?xml version="1.0" encoding="UTF-8" ?>
<books>
  <book>
    <title>やさしいXML</title>
    <author>高橋麻奈</author>
    <price>2730</price>
    <year>2009</year>
  </book>
  <book>
    <title>10日でおぼえるXML入門教室</title>
    <author>山田祥寛</author>
    <price>2625</price>
    <year>2004</year>
  </book>
  <book>
    <title>標準XML完全解説</title>
    <author>中山幹敏</author>
    <price>2394</price>
    <year>2001</year>
  </book>
</books>
