<?xml version="1.0" encoding="UTF-8"?>
<!DOCTYPE html PUBLIC "-//W3C//DTD XHTML 1.0 Transitional//EN"  "http://www.w3.org/TR/xhtml1/DTD/xhtml1-transitional.dtd">

<html xmlns="http://www.w3.org/1999/xhtml">
    <head>
        <title>構造化文書処理</title>
    </head>
    <body>
        <h1>課題3-5</h1>
        <h2>目次</h2>
        <ul>
            <li>
                <a href="#sec01">第1章　はじめに</a>
            </li>
            <li>
                <a href="#sec02">第2章　関連研究</a>
            </li>
            <li>
                <a href="#sec03">第3章　提案手法</a>
            </li>
            <li>
                <a href="https://sho-ooi.info/work/xml/test.xml#sec4">第4章　実験</a>
            </li>
            <li>
                <a href="https://sho-ooi.info/work/xml/test.xml#sec5">第5章　結果と考察</a>
            </li>
            <li>
                <a href="https://sho-ooi.info/work/xml/test.xml#sec6">第6章　おわりに</a>
            </li>
        </ul>
        <h2 id="sec01">
            第1章　はじめに
        </h2>
        <p>このXML文書では、ターゲットリンクについての説明になります。</p>
        <p>内部アンカーと外部アンカーについて学びます。</p>
        <p>アンカーの効果を検証するために、pタグをそれぞれ10個ずつ入れていきます。</p>
        <p>ここから先は、WORDのrand()関数によるランダムな文章です。</p>
        <p>ビデオを使うと、伝えたい内容を明確に表現できます。</p>
        <p>[オンラインビデオ]をクリックすると、追加したいビデオを、それに応じた埋め込みコードの形式で貼り付けできるようになります。</p>
        <p>キーワードを入力して、文書に最適なビデオをオンラインで検索することもできます。</p>
        <p>Wordに用意されているヘッダー、フッター、表紙、テキストボックスデザインを組み合わせると、プロのようなできばえの文書を作成できます。</p>
        <p>たとえば、一致する表紙、ヘッダー、サイドバーを追加できます。</p>
        <p>[挿入]をクリックしてから、それぞれのギャラリーで目的の要素を選んでください。</p>
        <h2 id="sec02">
            第2章　関連研究
        </h2>
        <p>テーマとスタイルを使って、文書全体の統一感を出すこともできます。</p>
        <p>[デザイン]をクリックし新しいテーマを選ぶと、図やグラフ、SmartArtグラフィックが新しいテーマに合わせて変わります。</p>
        <p>スタイルを適用すると、新しいテーマに適合するように見出しが変更されます。</p>
        <p>Wordでは、必要に応じてその場に新しいボタンが表示されるため、効率よく操作を進めることができます。</p>
        <p>文書内に写真をレイアウトする方法を変更するには、写真をクリックすると、隣にレイアウトオプションのボタンが表示されます。</p>
        <p>表で作業している場合は、行または列を追加する場所をクリックして、プラス記号をクリックします。</p>
        <p>新しい閲覧ビューが導入され、閲覧もさらに便利になりました。</p>
        <p>文書の一部を折りたたんで、必要な箇所に集中することができます。</p>
        <p>最後まで読み終わる前に中止する必要がある場合、Wordでは、たとえ別のデバイスであっても、どこまで読んだかが記憶されます。</p>
        <p>ビデオを使うと、伝えたい内容を明確に表現できます。</p>
        <h2 id="sec03">
            第3章　提案手法
        </h2>
        <p>論文やレポートでは、提案手法が重要です。</p>
        <p>提案手法には、新規性、有用性、信頼性が求められます。</p>
        <p>新規性では、従来の研究の課題に対して、解決するための方法論を述べます。</p>
        <p>有用性は、広く使われる技術であることを示します。</p>
        <p>信頼性では、技術の信頼度を評価します。</p>
        <p>重要なことは、ほかの人がやっていない方法を提案しつつ、その技術が広く使われ、評価されていることです。</p>
        <p>最近では、これらの評価の有効性を実現するために盗用や剽窃などが行われることがあります。</p>
        <p>皆さんは、このようなことがないように注意してください。</p>
        <p>世の中に「悪い結果」というものはありません。あくまで「結果」であり、良し悪しはありません。</p>
        <p>そのことを留意しておくとよいでしょう。</p>
        <address>井宮弘貴(e1b21013)</address>
    </body>
</html>