<?xml version="1.0" encoding="UTF-8"?>
<!DOCTYPE html PUBLIC "-//W3C//DTD XHTML 1.0 Transitional//EN"  "http://www.w3.org/TR/xhtml1/DTD/xhtml1-transitional.dtd">

<html xmlns="http://www.w3.org/1999/xhtml">
    <head>
        <title>構造化文書処理</title>
    </head>
    <body>
        <h1>課題3-2</h1>
        <table border="1" width="100%">
            <caption>高校数学の分類</caption>
            <tr>
                <th colspan="3">数学科目</th>
            </tr>
            <tr>
                <td rowspan="5" width="20%" align="center">高校数学</td>
                <td rowspan="2" width="20%" bgcolor="#67FD9A">1年生</td>
                <td width="20%" bgcolor="#67FD9A">数学1</td>
            </tr>
            <tr>
                <td bgcolor="#67FD9A">数学A</td>
            </tr>
            <tr>
                <td rowspan="2" bgcolor="#FD6864">2年生</td>
                <td align="center" bgcolor="#FD6864">数学2</td>
            </tr>
            <tr>
                <td align="center" bgcolor="#FD6864">数学B</td>
            </tr>
            <tr>
                <td bgcolor="#34CDF9">3年生</td>
                <td align="right" bgcolor="#34CDF9">数学3</td>
            </tr>
        </table>
        <address>井宮弘貴(e1b21013)</address>
    </body>
</html>