<?xml version="1.0" encoding="UTF-8" standalone="no"?>
<MusicList>
    <Music>
        <タイトル>長い間</タイトル>
        <歌手>kiroro</歌手>
        <価格>1000</価格>
        <レーベル>ビクターエンタテインメント</レーベル>
        <発売日>1998.1.21</発売日>
    </Music>
    <Music>
        <タイトル>名もなき詩</タイトル>
        <歌手>Mr.Children</歌手>
        <価格>1200</価格>
        <レーベル>トイズファクトリー</レーベル>
        <発売日>1996.2.5</発売日>
    </Music>
    <Music>
        <タイトル>情熱の薔薇</タイトル>
        <歌手>THE BULE HEARTS</歌手>
        <価格>800</価格>
        <レーベル>イーストウエスト</レーベル>
        <発売日>1990.7.25</発売日>
    </Music>
    <Music>
        <タイトル>STEADY</タイトル>
        <歌手>SPEED</歌手>
        <価格>1200</価格>
        <レーベル>トイズファクトリー</レーベル>
        <発売日>1996.11.18</発売日>
    </Music>
    <Music>
        <タイトル>もっと強く抱きしめたなら</タイトル>
        <歌手>WANDS</歌手>
        <価格>1000</価格>
        <レーベル>東芝EMI</レーベル>
        <発売日>1992.7.1</発売日>
    </Music>
</MusicList>
