<?xml version="1.0" encoding="UTF-8"?>

<html xmlns="http://www.w3.org/1999/xhtml">
    <head>
        <title>構造化文書処理</title>
    </head>
    <body>
        <h1>課題2-2</h1>
        <p>この章では次のようなことを学びました。</p>
        <ul>
            <li>XML文書の先頭には、XML宣言を記述します。</li>
            <li>要素は、XML文書の単位となります。</li>
            <li>属性を使って、要素に付属するデータをあらわすことができます。</li>
            <li>コメントとして、文書中にメモを書いておくことができます。</li>
            <li>実態参照を使って、特殊記号をあらわすことができます。</li>
        </ul>
        <address>井宮弘貴(e1b21013)</address>
    </body>
</html>