{
  "books": {
    "book": [
      {
        "@isbn": "4873111846",
        "title": "入門XML",
        "author": "エリック・レイ",
        "price": {
          "@publisher": "オライリージャパン",
          "#text": "3001"
        }
      },
      {
        "@isbn": "4797330627",
        "title": "やさしいXML",
        "author": "高橋麻奈",
        "price": {
          "@publisher": "ソフトバンククリエイティブ",
          "#text": "3730"
        }
      },
      {
        "@isbn": "4798106658",
        "title": "独習XML",
        "author": "日向俊二",
        "price": {
          "@publisher": "翔泳社",
          "#text": "2999"
        }
      },
      {
        "@isbn": "4798104876",
        "title": "10日でおぼえるXML入門教室",
        "author": "山田祥寛",
        "price": {
          "@publisher": "翔泳社",
          "#text": "2625"
        }
      },
      {
        "@isbn": "4774111864",
        "title": "標準XML完全解説",
        "author": "中山幹敏",
        "price": {
          "@publisher": "技術評論社",
          "#text": "3000"
        }
      }
    ]
  }
}